{
	// ----- Data Select Sprites ----- //

	// Character selection icons
	"dataSel_character_sonic&tails":  { "File": "character/dataSel_character_sonic&tails.png", "Center": "30,55" },	// If this doesnt exist, it falls back to "dataSel_character_sonic" and "dataSel_character_tails"
	"dataSel_character_sonic":  { "File": "character/dataSel_character_sonic.png", "Center": "20,55" },
	"dataSel_character_tails":  { "File": "character/dataSel_character_tails.png", "Center": "25,40" },
	"dataSel_character_knuckles":  { "File": "character/dataSel_character_knuckles.png", "Center": "13,40" },
	"dataSel_character_knuckles&tails":  { "File": "character/dataSel_character_knuckles&tails.png", "Center": "26,42" },	// If this doesnt exist, it falls back to "dataSel_character_knuckles" and "dataSel_character_tails"

	// Character life and continue icons in deta select screen
	"dataSel_lifeContinue_sonic":  { "File": "character/dataSel_lifeContinue.png", "Rect": "2,4,24,40", "Center": "16,-8" },
	"dataSel_lifeContinue_tails":  { "File": "character/dataSel_lifeContinue.png", "Rect": "28,4,24,40", "Center": "16,-8" },
	"dataSel_lifeContinue_knuckles":  { "File": "character/dataSel_lifeContinue.png", "Rect": "56,4,24,40", "Center": "16,-8" },

	// Digits for data select lives and continues
	"dataSel_digit_0":  { "File": "character/dataSel_lifeContinue.png", "Rect": "0,48,8,16" },
	"dataSel_digit_1":  { "File": "character/dataSel_lifeContinue.png", "Rect": "8,48,8,16" },
	"dataSel_digit_2":  { "File": "character/dataSel_lifeContinue.png", "Rect": "16,48,8,16" },
	"dataSel_digit_3":  { "File": "character/dataSel_lifeContinue.png", "Rect": "24,48,8,16" },
	"dataSel_digit_4":  { "File": "character/dataSel_lifeContinue.png", "Rect": "32,48,8,16" },
	"dataSel_digit_5":  { "File": "character/dataSel_lifeContinue.png", "Rect": "40,48,8,16" },
	"dataSel_digit_6":  { "File": "character/dataSel_lifeContinue.png", "Rect": "48,48,8,16" },
	"dataSel_digit_7":  { "File": "character/dataSel_lifeContinue.png", "Rect": "56,48,8,16" },
	"dataSel_digit_8":  { "File": "character/dataSel_lifeContinue.png", "Rect": "64,48,8,16" },
	"dataSel_digit_9":  { "File": "character/dataSel_lifeContinue.png", "Rect": "72,48,8,16" },
}
